name,age,salary
John Doe,34,85000
Jane Smith,42,120000
Michael Johnson,29,75000
Emily Davis,51,140000
David Wilson,38,92000
Sarah Brown,47,110000
James Miller,33,88000
Jessica Taylor,27,72000
Christopher Lee,55,135000
Amanda White,29,68000
Daniel Harris,44,105000
Elizabeth Clark,31,80000
Matthew Lewis,48,125000
Laura Hall,36,96000
Brian King,50,130000
Rebecca Scott,25,65000
Kevin Green,39,90000
Megan Adams,41,100000
Jason Wright,46,115000
Rachel Evans,32,83000
Andrew Martinez,49,122000
Stephanie Nelson,37,98000
Eric Carter,53,138000
Jennifer Perez,28,70000
Joshua Hill,40,94000
Samantha Baker,35,87000
Brandon Rivera,52,128000
Nicole Cooper,26,67000
Justin Peterson,43,108000
Angela Turner,30,79000
Tyler Parker,54,132000
Amber Edwards,24,64000
Frank Collins,45,112000
Katherine Stewart,33,89000
Samuel Morris,47,118000
Victoria Rogers,29,74000
Patrick Reed,51,136000
Grace Cook,23,63000
Nathan Morgan,42,107000
Olivia Bell,38,91000
Ethan Murphy,50,124000
Chloe Bailey,27,69000
Ryan Cox,44,103000
Anna Jenkins,36,97000
Jose Russell,48,121000
Zoe Gray,25,66000
Adam Torres,39,95000
Sophia Price,31,82000
Kyle Wood,46,117000
Madison Richardson,34,86000
Caleb Foster,53,134000
Lily Young,28,71000
Dylan Sanders,40,99000
Ava Ross,35,88000
Henry Diaz,52,129000
Isabella Long,26,68000
Gabriel Coleman,43,106000
Evelyn Hughes,30,81000
Christian Brooks,54,133000
Scarlett Kelly,24,65000
Adrian Bennett,45,113000
Hannah Ward,33,90000
Hunter Simmons,47,119000
Zoey Griffin,29,76000
Owen Stevens,51,137000
Penelope Flores,23,64000
Liam Howard,42,104000
Harper Bryant,38,93000
Sebastian Alexander,50,126000
Avery Perry,27,70000
Eli Butler,44,102000
Ellie Barnes,36,98000
Connor Nelson,48,122000
Layla Cox,25,67000
Julian Roberts,39,96000
Audrey Phillips,31,84000
Ian Watson,46,116000
Claire Edwards,34,85000
Aaron Coleman,53,135000
Maya Powell,28,72000
Dominic James,40,101000
Valeria Hughes,35,89000
Jaxon Brooks,52,130000
Leah Ramirez,26,69000
Ezekiel Mitchell,43,109000
Addison Hayes,30,80000
Cameron Carter,54,131000
Riley Gonzales,24,66000
Leo Reed,45,114000
Gianna Walker,33,92000
Miles Wright,47,120000
Paisley Hall,29,78000
Vincent Lopez,51,139000
Natalie Allen,23,63000
Bennett Hill,42,108000
Skylar King,38,97000
Silas Scott,50,127000
Nova Green,27,73000
Asher Adams,44,103000
Zara Evans,36,95000
Jordan Peterson,48,123000
Isla Martin,25,68000
Wyatt Robinson,39,94000
Vivian Lewis,31,82000
Colton Lee,46,118000
Ruby Parker,34,87000